Name,Age,Marks
Ram,25,88
Sham,27,98
Sita,46,75
Lovnish,53.66666667,74
Bupesh,64.16666667,67.5
Ravi,74.66666667,61
Ravneet,85.16666667,54.5
Anu,95.66666667,48
